-- MariaDB dump 10.19  Distrib 10.4.24-MariaDB, for Win64 (AMD64)
--
-- Host: localhost    Database: adsi2338200
-- ------------------------------------------------------
-- Server version	10.4.24-MariaDB

/*!40101 SET @OLD_CHARACTER_SET_CLIENT=@@CHARACTER_SET_CLIENT */;
/*!40101 SET @OLD_CHARACTER_SET_RESULTS=@@CHARACTER_SET_RESULTS */;
/*!40101 SET @OLD_COLLATION_CONNECTION=@@COLLATION_CONNECTION */;
/*!40101 SET NAMES utf8mb4 */;
/*!40103 SET @OLD_TIME_ZONE=@@TIME_ZONE */;
/*!40103 SET TIME_ZONE='+00:00' */;
/*!40014 SET @OLD_UNIQUE_CHECKS=@@UNIQUE_CHECKS, UNIQUE_CHECKS=0 */;
/*!40014 SET @OLD_FOREIGN_KEY_CHECKS=@@FOREIGN_KEY_CHECKS, FOREIGN_KEY_CHECKS=0 */;
/*!40101 SET @OLD_SQL_MODE=@@SQL_MODE, SQL_MODE='NO_AUTO_VALUE_ON_ZERO' */;
/*!40111 SET @OLD_SQL_NOTES=@@SQL_NOTES, SQL_NOTES=0 */;

--
-- Table structure for table `gyms`
--

DROP TABLE IF EXISTS `gyms`;
/*!40101 SET @saved_cs_client     = @@character_set_client */;
/*!40101 SET character_set_client = utf8 */;
CREATE TABLE `gyms` (
  `id` int(11) NOT NULL AUTO_INCREMENT,
  `name` varchar(32) NOT NULL,
  PRIMARY KEY (`id`),
  UNIQUE KEY `name` (`name`)
) ENGINE=InnoDB AUTO_INCREMENT=3 DEFAULT CHARSET=utf8mb4;
/*!40101 SET character_set_client = @saved_cs_client */;

--
-- Dumping data for table `gyms`
--

LOCK TABLES `gyms` WRITE;
/*!40000 ALTER TABLE `gyms` DISABLE KEYS */;
INSERT INTO `gyms` VALUES (1,'palette'),(2,'Rocket');
/*!40000 ALTER TABLE `gyms` ENABLE KEYS */;
UNLOCK TABLES;

--
-- Table structure for table `pokemons`
--

DROP TABLE IF EXISTS `pokemons`;
/*!40101 SET @saved_cs_client     = @@character_set_client */;
/*!40101 SET character_set_client = utf8 */;
CREATE TABLE `pokemons` (
  `id` int(11) NOT NULL AUTO_INCREMENT,
  `name` varchar(32) NOT NULL,
  `type` varchar(32) NOT NULL,
  `strenght` int(11) NOT NULL,
  `stamina` int(11) NOT NULL,
  `speed` int(11) NOT NULL,
  `accuracy` int(11) NOT NULL,
  `trainer_id` int(11) NOT NULL,
  PRIMARY KEY (`id`),
  UNIQUE KEY `name` (`name`),
  KEY `trainer_id` (`trainer_id`),
  CONSTRAINT `pokemons_ibfk_1` FOREIGN KEY (`trainer_id`) REFERENCES `trainers` (`id`)
) ENGINE=InnoDB AUTO_INCREMENT=21 DEFAULT CHARSET=utf8mb4;
/*!40101 SET character_set_client = @saved_cs_client */;

--
-- Dumping data for table `pokemons`
--

LOCK TABLES `pokemons` WRITE;
/*!40000 ALTER TABLE `pokemons` DISABLE KEYS */;
INSERT INTO `pokemons` VALUES (1,'pikachu','Electric',90,80,96,79,1),(2,'charmander','Fire',95,78,80,82,2),(3,'bulbasaour','Grass',80,88,70,75,1),(4,'squirtle','Water',70,90,75,90,1),(5,'Snorlax','Normal',180,320,50,180,1),(6,'Vaporeon','Water',186,260,90,168,2),(7,'Lapras','Water',111,255,100,168,1),(8,'Blastoise','Water',720,158,70,222,1),(9,'Golem','Water',500,160,80,198,1),(10,'Dragonite','Dragon',900,250,120,182,1),(11,'Exeggutor','Grass',596,190,90,232,2),(12,'Omaster','Rock',1500,140,112,202,1),(13,'Muk','Poison',1070,210,112,180,2),(14,'Onix','Rock',662,70,80,90,1),(15,'Poliwag','Water',815,80,70,108,1),(16,'Mankey','Water',563,80,70,122,1),(17,'Magnemite','Electric',750,50,40,128,2),(18,'Pidgey','Normal',818,80,95,90,1),(19,'Gastly','Ghost',750,60,60,82,1),(20,'Rattata','Normal',810,60,65,22,2);
/*!40000 ALTER TABLE `pokemons` ENABLE KEYS */;
UNLOCK TABLES;

--
-- Table structure for table `trainers`
--

DROP TABLE IF EXISTS `trainers`;
/*!40101 SET @saved_cs_client     = @@character_set_client */;
/*!40101 SET character_set_client = utf8 */;
CREATE TABLE `trainers` (
  `id` int(11) NOT NULL AUTO_INCREMENT,
  `name` varchar(32) NOT NULL,
  `level` int(11) NOT NULL DEFAULT 1,
  `gym_id` int(11) NOT NULL,
  PRIMARY KEY (`id`),
  UNIQUE KEY `name` (`name`),
  KEY `gym_id` (`gym_id`),
  CONSTRAINT `trainers_ibfk_1` FOREIGN KEY (`gym_id`) REFERENCES `gyms` (`id`)
) ENGINE=InnoDB AUTO_INCREMENT=10 DEFAULT CHARSET=utf8mb4;
/*!40101 SET character_set_client = @saved_cs_client */;

--
-- Dumping data for table `trainers`
--

LOCK TABLES `trainers` WRITE;
/*!40000 ALTER TABLE `trainers` DISABLE KEYS */;
INSERT INTO `trainers` VALUES (1,'Ash Ketchum',1,1),(2,'Brock',5,2),(6,'Misty',4,2),(7,'Brok',6,2),(8,'Serena',4,2),(9,'Oak',9,1);
/*!40000 ALTER TABLE `trainers` ENABLE KEYS */;
UNLOCK TABLES;

--
-- Temporary table structure for view `view_pokemons`
--

DROP TABLE IF EXISTS `view_pokemons`;
/*!50001 DROP VIEW IF EXISTS `view_pokemons`*/;
SET @saved_cs_client     = @@character_set_client;
SET character_set_client = utf8;
/*!50001 CREATE TABLE `view_pokemons` (
  `name_trainer` tinyint NOT NULL,
  `name_gym` tinyint NOT NULL,
  `num_pokemons` tinyint NOT NULL
) ENGINE=MyISAM */;
SET character_set_client = @saved_cs_client;

--
-- Final view structure for view `view_pokemons`
--

/*!50001 DROP TABLE IF EXISTS `view_pokemons`*/;
/*!50001 DROP VIEW IF EXISTS `view_pokemons`*/;
/*!50001 SET @saved_cs_client          = @@character_set_client */;
/*!50001 SET @saved_cs_results         = @@character_set_results */;
/*!50001 SET @saved_col_connection     = @@collation_connection */;
/*!50001 SET character_set_client      = utf8mb4 */;
/*!50001 SET character_set_results     = utf8mb4 */;
/*!50001 SET collation_connection      = utf8mb4_general_ci */;
/*!50001 CREATE ALGORITHM=UNDEFINED */
/*!50013 DEFINER=`root`@`localhost` SQL SECURITY DEFINER */
/*!50001 VIEW `view_pokemons` AS select `trainers`.`name` AS `name_trainer`,`gyms`.`name` AS `name_gym`,count(`pokemons`.`id`) AS `num_pokemons` from ((`trainers` left join `gyms` on(`trainers`.`gym_id` = `gyms`.`id`)) left join `pokemons` on(`pokemons`.`trainer_id` = `trainers`.`id`)) group by `trainers`.`id` */;
/*!50001 SET character_set_client      = @saved_cs_client */;
/*!50001 SET character_set_results     = @saved_cs_results */;
/*!50001 SET collation_connection      = @saved_col_connection */;
/*!40103 SET TIME_ZONE=@OLD_TIME_ZONE */;

/*!40101 SET SQL_MODE=@OLD_SQL_MODE */;
/*!40014 SET FOREIGN_KEY_CHECKS=@OLD_FOREIGN_KEY_CHECKS */;
/*!40014 SET UNIQUE_CHECKS=@OLD_UNIQUE_CHECKS */;
/*!40101 SET CHARACTER_SET_CLIENT=@OLD_CHARACTER_SET_CLIENT */;
/*!40101 SET CHARACTER_SET_RESULTS=@OLD_CHARACTER_SET_RESULTS */;
/*!40101 SET COLLATION_CONNECTION=@OLD_COLLATION_CONNECTION */;
/*!40111 SET SQL_NOTES=@OLD_SQL_NOTES */;

-- Dump completed on 2022-08-26 10:49:00
